generation,operator,NE,EHR,IR,cEHR,Δμ,Δσ,total_variants,elite_count,non_elite_count,rejections,duplicates
1.0,ConceptAdditionOperator,0.0,100.0,0.0,100.0,-0.0758,0.0947,2.0,2.0,0.0,0.0,0.0
1.0,InformedEvolutionOperator,0.0,0.0,100.0,0.0,,,0.0,0.0,0.0,2.0,0.0
1.0,LLMBackTranslation_HI,0.0,100.0,0.0,100.0,-0.0472,0.0596,2.0,2.0,0.0,0.0,0.0
1.0,LLMBasedParaphrasing,0.0,50.0,50.0,100.0,-0.1261,0.0,1.0,1.0,0.0,1.0,0.0
1.0,LLM_POSAwareSynonymReplacement,0.0,0.0,100.0,0.0,,,0.0,0.0,0.0,2.0,0.0
1.0,MLM,0.0,50.0,50.0,100.0,-0.1358,0.0,1.0,1.0,0.0,1.0,0.0
1.0,NegationOperator,0.0,0.0,100.0,0.0,,,0.0,0.0,0.0,2.0,0.0
1.0,POSAwareAntonymReplacement,0.0,50.0,50.0,100.0,0.0302,0.0,1.0,1.0,0.0,1.0,0.0
1.0,SemanticFusionCrossover,0.0,100.0,0.0,100.0,-0.0744,0.0,1.0,1.0,0.0,0.0,0.0
1.0,SemanticSimilarityCrossover,0.0,0.0,0.0,0.0,,,0.0,0.0,0.0,0.0,1.0
1.0,StylisticMutator,0.0,50.0,50.0,100.0,-0.0991,0.0,1.0,1.0,0.0,1.0,0.0
1.0,TypographicalErrorsOperator,0.0,50.0,50.0,100.0,-0.1241,0.0,1.0,1.0,0.0,1.0,0.0
2.0,ConceptAdditionOperator,0.0,0.0,100.0,0.0,,,0.0,0.0,0.0,2.0,0.0
2.0,InformedEvolutionOperator,0.0,0.0,100.0,0.0,,,0.0,0.0,0.0,2.0,0.0
2.0,LLMBackTranslation_HI,0.0,0.0,100.0,0.0,,,0.0,0.0,0.0,2.0,0.0
2.0,LLMBasedParaphrasing,0.0,50.0,50.0,100.0,0.0058,0.0,1.0,1.0,0.0,1.0,0.0
2.0,LLM_POSAwareSynonymReplacement,0.0,50.0,50.0,100.0,-0.0001,0.0,1.0,1.0,0.0,1.0,0.0
2.0,MLM,0.0,0.0,100.0,0.0,,,0.0,0.0,0.0,2.0,0.0
2.0,NegationOperator,0.0,50.0,50.0,100.0,0.089,0.0,1.0,1.0,0.0,1.0,0.0
2.0,POSAwareAntonymReplacement,0.0,100.0,0.0,100.0,0.0128,0.0182,2.0,2.0,0.0,0.0,0.0
2.0,SemanticFusionCrossover,0.0,0.0,100.0,0.0,,,0.0,0.0,0.0,1.0,0.0
2.0,SemanticSimilarityCrossover,0.0,100.0,0.0,100.0,0.0076,0.0,1.0,1.0,0.0,0.0,0.0
2.0,StylisticMutator,0.0,100.0,0.0,100.0,-0.0016,0.0008,2.0,2.0,0.0,0.0,0.0
2.0,TypographicalErrorsOperator,0.0,100.0,0.0,100.0,0.0117,0.0167,2.0,2.0,0.0,0.0,0.0
3.0,ConceptAdditionOperator,0.0,50.0,50.0,100.0,0.0168,0.0,1.0,1.0,0.0,1.0,0.0
3.0,InformedEvolutionOperator,0.0,0.0,100.0,0.0,,,0.0,0.0,0.0,2.0,0.0
3.0,LLMBackTranslation_HI,0.0,50.0,50.0,100.0,0.0005,0.0,1.0,1.0,0.0,1.0,0.0
3.0,LLMBasedParaphrasing,0.0,50.0,50.0,100.0,-0.0067,0.0,1.0,1.0,0.0,1.0,0.0
3.0,LLM_POSAwareSynonymReplacement,0.0,0.0,100.0,0.0,,,0.0,0.0,0.0,2.0,0.0
3.0,MLM,0.0,100.0,0.0,100.0,-0.0082,0.0075,2.0,2.0,0.0,0.0,0.0
3.0,NegationOperator,0.0,100.0,0.0,100.0,-0.0132,0.0194,2.0,2.0,0.0,0.0,0.0
3.0,POSAwareAntonymReplacement,0.0,50.0,50.0,100.0,0.0539,0.0,1.0,1.0,0.0,1.0,0.0
3.0,SemanticFusionCrossover,0.0,100.0,0.0,100.0,-0.0199,0.0,1.0,1.0,0.0,0.0,0.0
3.0,SemanticSimilarityCrossover,0.0,0.0,0.0,0.0,,,0.0,0.0,0.0,0.0,1.0
3.0,StylisticMutator,0.0,50.0,50.0,100.0,-0.0375,0.0,1.0,1.0,0.0,1.0,0.0
3.0,TypographicalErrorsOperator,0.0,100.0,0.0,100.0,-0.0032,0.0035,2.0,2.0,0.0,0.0,0.0
4.0,ConceptAdditionOperator,0.0,100.0,0.0,100.0,0.0458,0.0484,2.0,2.0,0.0,0.0,0.0
4.0,InformedEvolutionOperator,0.0,0.0,100.0,0.0,,,0.0,0.0,0.0,2.0,0.0
4.0,LLMBackTranslation_HI,0.0,50.0,50.0,100.0,-0.0009,0.0,1.0,1.0,0.0,1.0,0.0
4.0,LLMBasedParaphrasing,0.0,50.0,50.0,100.0,0.0163,0.0,1.0,1.0,0.0,1.0,0.0
4.0,LLM_POSAwareSynonymReplacement,0.0,0.0,100.0,0.0,,,0.0,0.0,0.0,2.0,0.0
4.0,MLM,0.0,50.0,50.0,100.0,-0.0009,0.0,1.0,1.0,0.0,1.0,0.0
4.0,NegationOperator,0.0,50.0,50.0,100.0,0.009,0.0,1.0,1.0,0.0,1.0,0.0
4.0,POSAwareAntonymReplacement,0.0,0.0,100.0,0.0,,,0.0,0.0,0.0,2.0,0.0
4.0,SemanticFusionCrossover,0.0,100.0,0.0,100.0,0.0159,0.0,1.0,1.0,0.0,0.0,0.0
4.0,SemanticSimilarityCrossover,0.0,0.0,0.0,0.0,,,0.0,0.0,0.0,0.0,1.0
4.0,StylisticMutator,0.0,100.0,0.0,100.0,0.0104,0.0051,2.0,2.0,0.0,0.0,0.0
4.0,TypographicalErrorsOperator,0.0,0.0,100.0,0.0,,,0.0,0.0,0.0,2.0,0.0
5.0,ConceptAdditionOperator,0.0,50.0,50.0,100.0,-0.0076,0.0,1.0,1.0,0.0,1.0,0.0
5.0,InformedEvolutionOperator,0.0,50.0,50.0,100.0,-0.0955,0.0,1.0,1.0,0.0,1.0,0.0
5.0,LLMBackTranslation_HI,0.0,0.0,100.0,0.0,,,0.0,0.0,0.0,2.0,0.0
5.0,LLMBasedParaphrasing,0.0,50.0,50.0,100.0,-0.0318,0.0,1.0,1.0,0.0,1.0,0.0
5.0,LLM_POSAwareSynonymReplacement,0.0,50.0,50.0,100.0,-0.0318,0.0,1.0,1.0,0.0,1.0,0.0
5.0,MLM,0.0,0.0,100.0,0.0,,,0.0,0.0,0.0,2.0,0.0
5.0,NegationOperator,0.0,0.0,100.0,0.0,,,0.0,0.0,0.0,2.0,0.0
5.0,POSAwareAntonymReplacement,0.0,100.0,0.0,100.0,-0.0122,0.0167,2.0,2.0,0.0,0.0,0.0
5.0,SemanticFusionCrossover,0.0,0.0,100.0,0.0,,,0.0,0.0,0.0,1.0,0.0
5.0,SemanticSimilarityCrossover,0.0,100.0,0.0,100.0,0.0629,0.0,1.0,1.0,0.0,0.0,0.0
5.0,StylisticMutator,0.0,0.0,100.0,0.0,,,0.0,0.0,0.0,2.0,0.0
5.0,TypographicalErrorsOperator,0.0,100.0,0.0,100.0,-0.0123,0.0298,2.0,2.0,0.0,0.0,0.0
6.0,ConceptAdditionOperator,0.0,33.33,66.67,100.0,-0.1261,0.0,1.0,1.0,0.0,2.0,0.0
6.0,InformedEvolutionOperator,0.0,66.67,33.33,100.0,-0.0338,0.1027,2.0,2.0,0.0,1.0,0.0
6.0,LLMBackTranslation_HI,0.0,0.0,100.0,0.0,,,0.0,0.0,0.0,3.0,0.0
6.0,LLMBasedParaphrasing,0.0,100.0,0.0,100.0,-0.1049,0.0387,3.0,3.0,0.0,0.0,0.0
6.0,LLM_POSAwareSynonymReplacement,0.0,33.33,66.67,100.0,-0.1489,0.0,1.0,1.0,0.0,2.0,0.0
6.0,MLM,0.0,66.67,33.33,100.0,-0.0954,0.0274,2.0,2.0,0.0,1.0,0.0
6.0,NegationOperator,0.0,33.33,66.67,100.0,-0.1189,0.0,1.0,1.0,0.0,2.0,0.0
6.0,POSAwareAntonymReplacement,0.0,66.67,33.33,100.0,-0.1172,0.0008,2.0,2.0,0.0,1.0,0.0
6.0,SemanticFusionCrossover,0.0,33.33,66.67,100.0,0.0899,0.0,1.0,1.0,0.0,2.0,0.0
6.0,SemanticSimilarityCrossover,0.0,0.0,0.0,0.0,,,0.0,0.0,0.0,0.0,2.0
6.0,StylisticMutator,0.0,0.0,100.0,0.0,,,0.0,0.0,0.0,3.0,0.0
6.0,TypographicalErrorsOperator,0.0,66.67,33.33,100.0,-0.0251,0.0911,2.0,2.0,0.0,1.0,0.0
7.0,ConceptAdditionOperator,0.0,0.0,100.0,0.0,,,0.0,0.0,0.0,2.0,0.0
7.0,InformedEvolutionOperator,0.0,0.0,100.0,0.0,,,0.0,0.0,0.0,2.0,0.0
7.0,LLMBackTranslation_HI,0.0,100.0,0.0,100.0,-0.0022,0.002,2.0,2.0,0.0,0.0,0.0
7.0,LLMBasedParaphrasing,0.0,50.0,50.0,100.0,-0.0068,0.0,1.0,1.0,0.0,1.0,0.0
7.0,LLM_POSAwareSynonymReplacement,0.0,50.0,50.0,100.0,-0.003,0.0,1.0,1.0,0.0,1.0,0.0
7.0,MLM,0.0,100.0,0.0,100.0,-0.0049,0.0005,2.0,2.0,0.0,0.0,0.0
7.0,NegationOperator,0.0,0.0,100.0,0.0,,,0.0,0.0,0.0,2.0,0.0
7.0,POSAwareAntonymReplacement,0.0,100.0,0.0,100.0,0.0412,0.0651,2.0,2.0,0.0,0.0,0.0
7.0,SemanticFusionCrossover,0.0,0.0,100.0,0.0,,,0.0,0.0,0.0,1.0,0.0
7.0,SemanticSimilarityCrossover,0.0,0.0,0.0,0.0,,,0.0,0.0,0.0,0.0,1.0
7.0,StylisticMutator,0.0,100.0,0.0,100.0,0.0017,0.0053,2.0,2.0,0.0,0.0,0.0
7.0,TypographicalErrorsOperator,0.0,100.0,0.0,100.0,-0.0006,0.0071,2.0,2.0,0.0,0.0,0.0
8.0,ConceptAdditionOperator,0.0,0.0,100.0,0.0,,,0.0,0.0,0.0,2.0,0.0
8.0,InformedEvolutionOperator,0.0,0.0,100.0,0.0,,,0.0,0.0,0.0,2.0,0.0
8.0,LLMBackTranslation_HI,0.0,50.0,50.0,100.0,0.0444,0.0,1.0,1.0,0.0,1.0,0.0
8.0,LLMBasedParaphrasing,0.0,100.0,0.0,100.0,-0.0074,0.0207,2.0,2.0,0.0,0.0,0.0
8.0,LLM_POSAwareSynonymReplacement,0.0,100.0,0.0,100.0,-0.0061,0.0087,2.0,2.0,0.0,0.0,0.0
8.0,MLM,0.0,50.0,50.0,100.0,0.0077,0.0,1.0,1.0,0.0,1.0,0.0
8.0,NegationOperator,0.0,100.0,0.0,100.0,0.0045,0.0045,2.0,2.0,0.0,0.0,0.0
8.0,POSAwareAntonymReplacement,0.0,100.0,0.0,100.0,0.038,0.0036,2.0,2.0,0.0,0.0,0.0
8.0,SemanticFusionCrossover,0.0,0.0,100.0,0.0,,,0.0,0.0,0.0,1.0,0.0
8.0,SemanticSimilarityCrossover,0.0,0.0,0.0,0.0,,,0.0,0.0,0.0,0.0,1.0
8.0,StylisticMutator,0.0,50.0,50.0,100.0,-0.0286,0.0,1.0,1.0,0.0,1.0,0.0
8.0,TypographicalErrorsOperator,0.0,0.0,100.0,0.0,,,0.0,0.0,0.0,2.0,0.0
9.0,ConceptAdditionOperator,0.0,0.0,100.0,0.0,,,0.0,0.0,0.0,2.0,0.0
9.0,InformedEvolutionOperator,0.0,50.0,50.0,100.0,-0.1331,0.0,1.0,1.0,0.0,1.0,0.0
9.0,LLMBackTranslation_HI,0.0,50.0,50.0,100.0,-0.0032,0.0,1.0,1.0,0.0,1.0,0.0
9.0,LLMBasedParaphrasing,0.0,50.0,50.0,100.0,-0.0126,0.0,1.0,1.0,0.0,1.0,0.0
9.0,LLM_POSAwareSynonymReplacement,0.0,50.0,50.0,100.0,-0.0081,0.0,1.0,1.0,0.0,1.0,0.0
9.0,MLM,0.0,100.0,0.0,100.0,0.002,0.0076,2.0,2.0,0.0,0.0,0.0
9.0,NegationOperator,0.0,50.0,50.0,100.0,0.0013,0.0,1.0,1.0,0.0,1.0,0.0
9.0,POSAwareAntonymReplacement,0.0,100.0,0.0,100.0,-0.0055,0.01,2.0,2.0,0.0,0.0,0.0
9.0,SemanticFusionCrossover,0.0,100.0,0.0,100.0,-0.0074,0.0,1.0,1.0,0.0,0.0,0.0
9.0,SemanticSimilarityCrossover,0.0,0.0,0.0,0.0,,,0.0,0.0,0.0,0.0,1.0
9.0,StylisticMutator,0.0,0.0,100.0,0.0,,,0.0,0.0,0.0,2.0,0.0
9.0,TypographicalErrorsOperator,0.0,0.0,100.0,0.0,,,0.0,0.0,0.0,2.0,0.0
10.0,ConceptAdditionOperator,0.0,100.0,0.0,100.0,0.005,0.0016,2.0,2.0,0.0,0.0,0.0
10.0,InformedEvolutionOperator,0.0,50.0,50.0,100.0,-0.0599,0.0,1.0,1.0,0.0,1.0,0.0
10.0,LLMBackTranslation_HI,0.0,0.0,100.0,0.0,,,0.0,0.0,0.0,2.0,0.0
10.0,LLMBasedParaphrasing,0.0,0.0,100.0,0.0,,,0.0,0.0,0.0,2.0,0.0
10.0,LLM_POSAwareSynonymReplacement,0.0,0.0,100.0,0.0,,,0.0,0.0,0.0,2.0,0.0
10.0,MLM,0.0,0.0,100.0,0.0,,,0.0,0.0,0.0,2.0,0.0
10.0,NegationOperator,0.0,50.0,50.0,100.0,0.0049,0.0,1.0,1.0,0.0,1.0,0.0
10.0,POSAwareAntonymReplacement,0.0,100.0,0.0,100.0,0.0115,0.0108,2.0,2.0,0.0,0.0,0.0
10.0,SemanticFusionCrossover,0.0,100.0,0.0,100.0,0.0105,0.0,1.0,1.0,0.0,0.0,0.0
10.0,SemanticSimilarityCrossover,0.0,0.0,0.0,0.0,,,0.0,0.0,0.0,0.0,1.0
10.0,StylisticMutator,0.0,50.0,50.0,100.0,0.1053,0.0,1.0,1.0,0.0,1.0,0.0
10.0,TypographicalErrorsOperator,0.0,0.0,100.0,0.0,,,0.0,0.0,0.0,2.0,0.0
11.0,ConceptAdditionOperator,0.0,33.33,66.67,100.0,0.0106,0.0,1.0,1.0,0.0,2.0,0.0
11.0,InformedEvolutionOperator,0.0,0.0,100.0,0.0,,,0.0,0.0,0.0,3.0,0.0
11.0,LLMBackTranslation_HI,0.0,66.67,33.33,100.0,0.0665,0.1049,2.0,2.0,0.0,1.0,0.0
11.0,LLMBasedParaphrasing,0.0,66.67,33.33,100.0,0.0871,0.1758,2.0,2.0,0.0,1.0,0.0
11.0,LLM_POSAwareSynonymReplacement,0.0,66.67,33.33,100.0,0.0962,0.0914,2.0,2.0,0.0,1.0,0.0
11.0,MLM,0.0,0.0,100.0,0.0,,,0.0,0.0,0.0,3.0,0.0
11.0,NegationOperator,0.0,66.67,33.33,100.0,0.1208,0.0406,2.0,2.0,0.0,1.0,0.0
11.0,POSAwareAntonymReplacement,0.0,66.67,33.33,100.0,0.0939,0.1848,2.0,2.0,0.0,1.0,0.0
11.0,SemanticFusionCrossover,0.0,66.67,33.33,100.0,-0.0135,0.0148,2.0,2.0,0.0,1.0,0.0
11.0,SemanticSimilarityCrossover,0.0,100.0,0.0,100.0,0.0917,0.1054,3.0,3.0,0.0,0.0,0.0
11.0,StylisticMutator,0.0,33.33,66.67,100.0,0.0075,0.0,1.0,1.0,0.0,2.0,0.0
11.0,TypographicalErrorsOperator,0.0,0.0,100.0,0.0,,,0.0,0.0,0.0,3.0,0.0
12.0,ConceptAdditionOperator,0.0,33.33,66.67,100.0,-0.019,0.0,1.0,1.0,0.0,2.0,0.0
12.0,InformedEvolutionOperator,0.0,33.33,66.67,100.0,-0.1149,0.0,1.0,1.0,0.0,2.0,0.0
12.0,LLMBackTranslation_HI,0.0,0.0,100.0,0.0,,,0.0,0.0,0.0,3.0,0.0
12.0,LLMBasedParaphrasing,0.0,0.0,100.0,0.0,,,0.0,0.0,0.0,3.0,0.0
12.0,LLM_POSAwareSynonymReplacement,0.0,33.33,66.67,100.0,-0.223,0.0,1.0,1.0,0.0,2.0,0.0
12.0,MLM,0.0,100.0,0.0,100.0,-0.1047,0.1186,3.0,3.0,0.0,0.0,0.0
12.0,NegationOperator,0.0,33.33,66.67,100.0,-0.0637,0.0,1.0,1.0,0.0,2.0,0.0
12.0,POSAwareAntonymReplacement,0.0,33.33,66.67,100.0,-0.0797,0.0,1.0,1.0,0.0,2.0,0.0
12.0,SemanticFusionCrossover,0.0,66.67,33.33,100.0,-0.111,0.0782,2.0,2.0,0.0,1.0,0.0
12.0,SemanticSimilarityCrossover,0.0,0.0,0.0,0.0,,,0.0,0.0,0.0,0.0,2.0
12.0,StylisticMutator,0.0,66.67,33.33,100.0,-0.0536,0.0573,2.0,2.0,0.0,1.0,0.0
12.0,TypographicalErrorsOperator,0.0,33.33,66.67,100.0,-0.0939,0.0,1.0,1.0,0.0,2.0,0.0
13.0,ConceptAdditionOperator,0.0,33.33,66.67,100.0,-0.0343,0.0,1.0,1.0,0.0,2.0,0.0
13.0,InformedEvolutionOperator,0.0,33.33,66.67,100.0,0.2022,0.0,1.0,1.0,0.0,2.0,0.0
13.0,LLMBackTranslation_HI,0.0,0.0,100.0,0.0,,,0.0,0.0,0.0,3.0,0.0
13.0,LLMBasedParaphrasing,0.0,33.33,66.67,100.0,-0.1581,0.0,1.0,1.0,0.0,2.0,0.0
13.0,LLM_POSAwareSynonymReplacement,0.0,66.67,33.33,100.0,-0.1423,0.0802,2.0,2.0,0.0,1.0,0.0
13.0,MLM,0.0,0.0,100.0,0.0,,,0.0,0.0,0.0,3.0,0.0
13.0,NegationOperator,0.0,33.33,66.67,100.0,-0.0298,0.0,1.0,1.0,0.0,2.0,0.0
13.0,POSAwareAntonymReplacement,0.0,66.67,33.33,100.0,-0.0645,0.0405,2.0,2.0,0.0,1.0,0.0
13.0,SemanticFusionCrossover,0.0,100.0,0.0,100.0,-0.0451,0.0721,3.0,3.0,0.0,0.0,0.0
13.0,SemanticSimilarityCrossover,0.0,0.0,0.0,0.0,,,0.0,0.0,0.0,0.0,2.0
13.0,StylisticMutator,0.0,33.33,66.67,100.0,-0.069,0.0,1.0,1.0,0.0,2.0,0.0
13.0,TypographicalErrorsOperator,0.0,66.67,33.33,100.0,-0.1326,0.1402,2.0,2.0,0.0,1.0,0.0
14.0,ConceptAdditionOperator,0.0,100.0,0.0,100.0,-0.0648,0.0047,2.0,2.0,0.0,0.0,0.0
14.0,InformedEvolutionOperator,0.0,0.0,100.0,0.0,,,0.0,0.0,0.0,2.0,0.0
14.0,LLMBackTranslation_HI,0.0,0.0,100.0,0.0,,,0.0,0.0,0.0,2.0,0.0
14.0,LLMBasedParaphrasing,0.0,50.0,50.0,100.0,0.0084,0.0,1.0,1.0,0.0,1.0,0.0
14.0,LLM_POSAwareSynonymReplacement,0.0,50.0,50.0,100.0,-0.0859,0.0,1.0,1.0,0.0,1.0,0.0
14.0,MLM,0.0,50.0,50.0,100.0,0.0984,0.0,1.0,1.0,0.0,1.0,0.0
14.0,NegationOperator,0.0,0.0,100.0,0.0,,,0.0,0.0,0.0,2.0,0.0
14.0,POSAwareAntonymReplacement,0.0,50.0,50.0,100.0,-0.0269,0.0,1.0,1.0,0.0,1.0,0.0
14.0,SemanticFusionCrossover,0.0,100.0,0.0,100.0,-0.086,0.0,1.0,1.0,0.0,0.0,0.0
14.0,SemanticSimilarityCrossover,0.0,100.0,0.0,100.0,-0.0368,0.0,1.0,1.0,0.0,0.0,0.0
14.0,StylisticMutator,0.0,50.0,50.0,100.0,-0.0402,0.0,1.0,1.0,0.0,1.0,0.0
14.0,TypographicalErrorsOperator,0.0,50.0,50.0,100.0,-0.0095,0.0,1.0,1.0,0.0,1.0,0.0
15.0,ConceptAdditionOperator,0.0,50.0,50.0,100.0,0.0085,0.0,1.0,1.0,0.0,1.0,0.0
15.0,InformedEvolutionOperator,0.0,50.0,50.0,100.0,-0.199,0.0,1.0,1.0,0.0,1.0,0.0
15.0,LLMBackTranslation_HI,0.0,0.0,100.0,0.0,,,0.0,0.0,0.0,2.0,0.0
15.0,LLMBasedParaphrasing,0.0,0.0,100.0,0.0,,,0.0,0.0,0.0,2.0,0.0
15.0,LLM_POSAwareSynonymReplacement,0.0,50.0,50.0,100.0,0.0007,0.0,1.0,1.0,0.0,1.0,0.0
15.0,MLM,0.0,0.0,100.0,0.0,,,0.0,0.0,0.0,2.0,0.0
15.0,NegationOperator,0.0,50.0,50.0,100.0,0.0532,0.0,1.0,1.0,0.0,1.0,0.0
15.0,POSAwareAntonymReplacement,0.0,50.0,50.0,100.0,0.018,0.0,1.0,1.0,0.0,1.0,0.0
15.0,SemanticFusionCrossover,0.0,0.0,100.0,0.0,,,0.0,0.0,0.0,1.0,0.0
15.0,SemanticSimilarityCrossover,0.0,0.0,0.0,0.0,,,0.0,0.0,0.0,0.0,1.0
15.0,StylisticMutator,0.0,100.0,0.0,100.0,0.0129,0.0036,2.0,2.0,0.0,0.0,0.0
15.0,TypographicalErrorsOperator,0.0,50.0,50.0,100.0,-0.0074,0.0,1.0,1.0,0.0,1.0,0.0
16.0,ConceptAdditionOperator,0.0,50.0,50.0,100.0,0.0096,0.0,1.0,1.0,0.0,1.0,0.0
16.0,InformedEvolutionOperator,0.0,50.0,50.0,100.0,-0.1579,0.0,1.0,1.0,0.0,1.0,0.0
16.0,LLMBackTranslation_HI,0.0,0.0,100.0,0.0,,,0.0,0.0,0.0,2.0,0.0
16.0,LLMBasedParaphrasing,0.0,50.0,50.0,100.0,0.1274,0.0,1.0,1.0,0.0,1.0,0.0
16.0,LLM_POSAwareSynonymReplacement,0.0,50.0,50.0,100.0,0.0038,0.0,1.0,1.0,0.0,1.0,0.0
16.0,MLM,0.0,0.0,100.0,0.0,,,0.0,0.0,0.0,2.0,0.0
16.0,NegationOperator,0.0,0.0,100.0,0.0,,,0.0,0.0,0.0,2.0,0.0
16.0,POSAwareAntonymReplacement,0.0,50.0,50.0,100.0,0.0349,0.0,1.0,1.0,0.0,1.0,0.0
16.0,SemanticFusionCrossover,0.0,100.0,0.0,100.0,-0.008,0.0,1.0,1.0,0.0,0.0,0.0
16.0,SemanticSimilarityCrossover,0.0,0.0,0.0,0.0,,,0.0,0.0,0.0,0.0,1.0
16.0,StylisticMutator,0.0,0.0,100.0,0.0,,,0.0,0.0,0.0,2.0,0.0
16.0,TypographicalErrorsOperator,0.0,100.0,0.0,100.0,-0.027,0.0436,2.0,2.0,0.0,0.0,0.0
17.0,ConceptAdditionOperator,0.0,50.0,50.0,100.0,0.3439,0.0,1.0,1.0,0.0,1.0,0.0
17.0,InformedEvolutionOperator,0.0,0.0,100.0,0.0,,,0.0,0.0,0.0,2.0,0.0
17.0,LLMBackTranslation_HI,0.0,50.0,50.0,100.0,0.031,0.0,1.0,1.0,0.0,1.0,0.0
17.0,LLMBasedParaphrasing,0.0,50.0,50.0,100.0,0.0157,0.0,1.0,1.0,0.0,1.0,0.0
17.0,LLM_POSAwareSynonymReplacement,0.0,50.0,50.0,100.0,0.3149,0.0,1.0,1.0,0.0,1.0,0.0
17.0,MLM,0.0,50.0,50.0,100.0,0.0404,0.0,1.0,1.0,0.0,1.0,0.0
17.0,NegationOperator,0.0,0.0,100.0,0.0,,,0.0,0.0,0.0,2.0,0.0
17.0,POSAwareAntonymReplacement,0.0,100.0,0.0,100.0,0.1154,0.1356,2.0,2.0,0.0,0.0,0.0
17.0,SemanticFusionCrossover,0.0,0.0,100.0,0.0,,,0.0,0.0,0.0,1.0,0.0
17.0,SemanticSimilarityCrossover,0.0,0.0,0.0,0.0,,,0.0,0.0,0.0,0.0,1.0
17.0,StylisticMutator,0.0,0.0,100.0,0.0,,,0.0,0.0,0.0,2.0,0.0
17.0,TypographicalErrorsOperator,0.0,50.0,50.0,100.0,-0.0033,0.0,1.0,1.0,0.0,1.0,0.0
18.0,ConceptAdditionOperator,0.0,0.0,100.0,0.0,,,0.0,0.0,0.0,2.0,0.0
18.0,InformedEvolutionOperator,0.0,0.0,100.0,0.0,,,0.0,0.0,0.0,2.0,0.0
18.0,LLMBackTranslation_HI,0.0,50.0,50.0,100.0,-0.0054,0.0,1.0,1.0,0.0,1.0,0.0
18.0,LLMBasedParaphrasing,0.0,50.0,50.0,100.0,0.0061,0.0,1.0,1.0,0.0,1.0,0.0
18.0,LLM_POSAwareSynonymReplacement,0.0,100.0,0.0,100.0,0.0071,0.0115,2.0,2.0,0.0,0.0,0.0
18.0,MLM,0.0,100.0,0.0,100.0,0.0226,0.0338,2.0,2.0,0.0,0.0,0.0
18.0,NegationOperator,0.0,50.0,50.0,100.0,0.0004,0.0,1.0,1.0,0.0,1.0,0.0
18.0,POSAwareAntonymReplacement,0.0,100.0,0.0,100.0,0.0057,0.0107,2.0,2.0,0.0,0.0,0.0
18.0,SemanticFusionCrossover,0.0,0.0,100.0,0.0,,,0.0,0.0,0.0,1.0,0.0
18.0,SemanticSimilarityCrossover,0.0,0.0,0.0,0.0,,,0.0,0.0,0.0,0.0,1.0
18.0,StylisticMutator,0.0,0.0,100.0,0.0,,,0.0,0.0,0.0,2.0,0.0
18.0,TypographicalErrorsOperator,0.0,50.0,50.0,100.0,0.005,0.0,1.0,1.0,0.0,1.0,0.0
19.0,ConceptAdditionOperator,0.0,0.0,100.0,0.0,,,0.0,0.0,0.0,3.0,0.0
19.0,InformedEvolutionOperator,0.0,0.0,100.0,0.0,,,0.0,0.0,0.0,3.0,0.0
19.0,LLMBackTranslation_HI,0.0,33.33,66.67,100.0,-0.1406,0.0,1.0,1.0,0.0,2.0,0.0
19.0,LLMBasedParaphrasing,0.0,33.33,66.67,100.0,-0.0375,0.0,1.0,1.0,0.0,2.0,0.0
19.0,LLM_POSAwareSynonymReplacement,0.0,66.67,33.33,100.0,-0.2562,0.1636,2.0,2.0,0.0,1.0,0.0
19.0,MLM,0.0,0.0,100.0,0.0,,,0.0,0.0,0.0,3.0,0.0
19.0,NegationOperator,0.0,0.0,100.0,0.0,,,0.0,0.0,0.0,3.0,0.0
19.0,POSAwareAntonymReplacement,0.0,100.0,0.0,100.0,-0.1107,0.0644,3.0,3.0,0.0,0.0,0.0
19.0,SemanticFusionCrossover,0.0,33.33,66.67,100.0,-0.177,0.0,1.0,1.0,0.0,2.0,0.0
19.0,SemanticSimilarityCrossover,0.0,0.0,0.0,0.0,,,0.0,0.0,0.0,0.0,2.0
19.0,StylisticMutator,0.0,33.33,66.67,100.0,-0.0513,0.0,1.0,1.0,0.0,2.0,0.0
19.0,TypographicalErrorsOperator,0.0,100.0,0.0,100.0,-0.1676,0.1888,3.0,3.0,0.0,0.0,0.0
20.0,ConceptAdditionOperator,0.0,33.33,66.67,100.0,0.005,0.0,1.0,1.0,0.0,2.0,0.0
20.0,InformedEvolutionOperator,0.0,66.67,33.33,100.0,-0.0849,0.2227,2.0,2.0,0.0,1.0,0.0
20.0,LLMBackTranslation_HI,0.0,33.33,66.67,100.0,-0.0119,0.0,1.0,1.0,0.0,2.0,0.0
20.0,LLMBasedParaphrasing,0.0,100.0,0.0,100.0,-0.1114,0.1213,3.0,3.0,0.0,0.0,0.0
20.0,LLM_POSAwareSynonymReplacement,0.0,0.0,100.0,0.0,,,0.0,0.0,0.0,3.0,0.0
20.0,MLM,0.0,0.0,100.0,0.0,,,0.0,0.0,0.0,3.0,0.0
20.0,NegationOperator,0.0,33.33,66.67,100.0,-0.0216,0.0,1.0,1.0,0.0,2.0,0.0
20.0,POSAwareAntonymReplacement,0.0,66.67,0.0,100.0,-0.087,0.1077,2.0,2.0,0.0,0.0,1.0
20.0,SemanticFusionCrossover,0.0,33.33,66.67,100.0,-0.0485,0.0,1.0,1.0,0.0,2.0,0.0
20.0,SemanticSimilarityCrossover,0.0,0.0,0.0,0.0,,,0.0,0.0,0.0,0.0,2.0
20.0,StylisticMutator,0.0,33.33,66.67,100.0,-0.0172,0.0,1.0,1.0,0.0,2.0,0.0
20.0,TypographicalErrorsOperator,0.0,66.67,33.33,100.0,-0.1166,0.1556,2.0,2.0,0.0,1.0,0.0
21.0,ConceptAdditionOperator,0.0,66.67,33.33,100.0,-0.2289,0.2141,2.0,2.0,0.0,1.0,0.0
21.0,InformedEvolutionOperator,0.0,33.33,66.67,100.0,0.0382,0.0,1.0,1.0,0.0,2.0,0.0
21.0,LLMBackTranslation_HI,0.0,33.33,66.67,100.0,-0.0786,0.0,1.0,1.0,0.0,2.0,0.0
21.0,LLMBasedParaphrasing,0.0,66.67,33.33,100.0,-0.172,0.2118,2.0,2.0,0.0,1.0,0.0
21.0,LLM_POSAwareSynonymReplacement,0.0,66.67,33.33,100.0,-0.0928,0.0907,2.0,2.0,0.0,1.0,0.0
21.0,MLM,0.0,33.33,66.67,100.0,-0.3882,0.0,1.0,1.0,0.0,2.0,0.0
21.0,NegationOperator,0.0,33.33,66.67,100.0,-0.0716,0.0,1.0,1.0,0.0,2.0,0.0
21.0,POSAwareAntonymReplacement,0.0,66.67,33.33,100.0,-0.1397,0.0915,2.0,2.0,0.0,1.0,0.0
21.0,SemanticFusionCrossover,0.0,33.33,66.67,100.0,-0.1413,0.0,1.0,1.0,0.0,2.0,0.0
21.0,SemanticSimilarityCrossover,0.0,0.0,0.0,0.0,,,0.0,0.0,0.0,0.0,2.0
21.0,StylisticMutator,0.0,0.0,100.0,0.0,,,0.0,0.0,0.0,3.0,0.0
21.0,TypographicalErrorsOperator,0.0,66.67,33.33,100.0,-0.1457,0.0768,2.0,2.0,0.0,1.0,0.0
22.0,ConceptAdditionOperator,0.0,33.33,66.67,100.0,-0.1618,0.0,1.0,1.0,0.0,2.0,0.0
22.0,InformedEvolutionOperator,0.0,0.0,100.0,0.0,,,0.0,0.0,0.0,3.0,0.0
22.0,LLMBackTranslation_HI,0.0,33.33,66.67,100.0,-0.2503,0.0,1.0,1.0,0.0,2.0,0.0
22.0,LLMBasedParaphrasing,0.0,100.0,0.0,100.0,-0.2165,0.1738,3.0,3.0,0.0,0.0,0.0
22.0,LLM_POSAwareSynonymReplacement,0.0,66.67,33.33,100.0,-0.1374,0.0875,2.0,2.0,0.0,1.0,0.0
22.0,MLM,0.0,0.0,100.0,0.0,,,0.0,0.0,0.0,3.0,0.0
22.0,NegationOperator,0.0,33.33,66.67,100.0,-0.0117,0.0,1.0,1.0,0.0,2.0,0.0
22.0,POSAwareAntonymReplacement,0.0,100.0,0.0,100.0,-0.2508,0.2035,3.0,3.0,0.0,0.0,0.0
22.0,SemanticFusionCrossover,0.0,33.33,66.67,100.0,0.1823,0.0,1.0,1.0,0.0,2.0,0.0
22.0,SemanticSimilarityCrossover,0.0,0.0,0.0,0.0,,,0.0,0.0,0.0,0.0,2.0
22.0,StylisticMutator,0.0,66.67,33.33,100.0,-0.1002,0.1197,2.0,2.0,0.0,1.0,0.0
22.0,TypographicalErrorsOperator,0.0,33.33,66.67,100.0,-0.1467,0.0,1.0,1.0,0.0,2.0,0.0
23.0,ConceptAdditionOperator,0.0,33.33,66.67,100.0,-0.264,0.0,1.0,1.0,0.0,2.0,0.0
23.0,InformedEvolutionOperator,0.0,0.0,100.0,0.0,,,0.0,0.0,0.0,3.0,0.0
23.0,LLMBackTranslation_HI,0.0,0.0,100.0,0.0,,,0.0,0.0,0.0,3.0,0.0
23.0,LLMBasedParaphrasing,0.0,0.0,100.0,0.0,,,0.0,0.0,0.0,3.0,0.0
23.0,LLM_POSAwareSynonymReplacement,0.0,0.0,100.0,0.0,,,0.0,0.0,0.0,3.0,0.0
23.0,MLM,33.33,33.33,33.33,50.0,-0.1982,0.2633,2.0,1.0,1.0,1.0,0.0
23.0,NegationOperator,0.0,66.67,33.33,100.0,-0.092,0.1504,2.0,2.0,0.0,1.0,0.0
23.0,POSAwareAntonymReplacement,0.0,66.67,33.33,100.0,-0.2826,0.0891,2.0,2.0,0.0,1.0,0.0
23.0,SemanticFusionCrossover,0.0,0.0,100.0,0.0,,,0.0,0.0,0.0,3.0,0.0
23.0,SemanticSimilarityCrossover,0.0,0.0,0.0,0.0,,,0.0,0.0,0.0,0.0,2.0
23.0,StylisticMutator,0.0,33.33,66.67,100.0,0.0007,0.0,1.0,1.0,0.0,2.0,0.0
23.0,TypographicalErrorsOperator,0.0,66.67,33.33,100.0,-0.1711,0.2227,2.0,2.0,0.0,1.0,0.0
24.0,ConceptAdditionOperator,0.0,66.67,33.33,100.0,-0.1182,0.0573,2.0,2.0,0.0,1.0,0.0
24.0,InformedEvolutionOperator,33.33,0.0,66.67,0.0,-0.2525,0.0,1.0,0.0,1.0,2.0,0.0
24.0,LLMBackTranslation_HI,0.0,33.33,66.67,100.0,-0.0373,0.0,1.0,1.0,0.0,2.0,0.0
24.0,LLMBasedParaphrasing,0.0,66.67,33.33,100.0,-0.0469,0.0842,2.0,2.0,0.0,1.0,0.0
24.0,LLM_POSAwareSynonymReplacement,0.0,33.33,66.67,100.0,-0.0401,0.0,1.0,1.0,0.0,2.0,0.0
24.0,MLM,0.0,66.67,33.33,100.0,-0.1185,0.0839,2.0,2.0,0.0,1.0,0.0
24.0,NegationOperator,33.33,0.0,66.67,0.0,-0.2876,0.0,1.0,0.0,1.0,2.0,0.0
24.0,POSAwareAntonymReplacement,33.33,66.67,0.0,66.67,-0.1339,0.1665,3.0,2.0,1.0,0.0,0.0
24.0,SemanticFusionCrossover,0.0,0.0,100.0,0.0,,,0.0,0.0,0.0,3.0,0.0
24.0,SemanticSimilarityCrossover,0.0,33.33,0.0,100.0,-0.1381,0.0,1.0,1.0,0.0,0.0,2.0
24.0,StylisticMutator,33.33,33.33,33.33,50.0,-0.1673,0.1435,2.0,1.0,1.0,1.0,0.0
24.0,TypographicalErrorsOperator,33.33,33.33,33.33,50.0,-0.2018,0.1814,2.0,1.0,1.0,1.0,0.0
25.0,ConceptAdditionOperator,0.0,33.33,66.67,100.0,-0.3465,0.0,1.0,1.0,0.0,2.0,0.0
25.0,InformedEvolutionOperator,0.0,66.67,33.33,100.0,-0.2313,0.0626,2.0,2.0,0.0,1.0,0.0
25.0,LLMBackTranslation_HI,0.0,0.0,100.0,0.0,,,0.0,0.0,0.0,3.0,0.0
25.0,LLMBasedParaphrasing,0.0,0.0,100.0,0.0,,,0.0,0.0,0.0,3.0,0.0
25.0,LLM_POSAwareSynonymReplacement,0.0,33.33,66.67,100.0,-0.0123,0.0,1.0,1.0,0.0,2.0,0.0
25.0,MLM,0.0,66.67,33.33,100.0,-0.0986,0.1344,2.0,2.0,0.0,1.0,0.0
25.0,NegationOperator,0.0,33.33,66.67,100.0,-0.037,0.0,1.0,1.0,0.0,2.0,0.0
25.0,POSAwareAntonymReplacement,0.0,0.0,100.0,0.0,,,0.0,0.0,0.0,3.0,0.0
25.0,SemanticFusionCrossover,0.0,66.67,33.33,100.0,-0.0742,0.0919,2.0,2.0,0.0,1.0,0.0
25.0,SemanticSimilarityCrossover,0.0,0.0,0.0,0.0,,,0.0,0.0,0.0,0.0,2.0
25.0,StylisticMutator,0.0,66.67,33.33,100.0,-0.0192,0.0034,2.0,2.0,0.0,1.0,0.0
25.0,TypographicalErrorsOperator,0.0,66.67,33.33,100.0,-0.1006,0.1316,2.0,2.0,0.0,1.0,0.0
26.0,ConceptAdditionOperator,0.0,33.33,66.67,100.0,-0.0331,0.0,1.0,1.0,0.0,2.0,0.0
26.0,InformedEvolutionOperator,0.0,33.33,66.67,100.0,-0.0371,0.0,1.0,1.0,0.0,2.0,0.0
26.0,LLMBackTranslation_HI,0.0,0.0,100.0,0.0,,,0.0,0.0,0.0,3.0,0.0
26.0,LLMBasedParaphrasing,0.0,0.0,100.0,0.0,,,0.0,0.0,0.0,3.0,0.0
26.0,LLM_POSAwareSynonymReplacement,0.0,33.33,66.67,100.0,-0.0615,0.0,1.0,1.0,0.0,2.0,0.0
26.0,MLM,0.0,0.0,100.0,0.0,,,0.0,0.0,0.0,3.0,0.0
26.0,NegationOperator,0.0,0.0,100.0,0.0,,,0.0,0.0,0.0,3.0,0.0
26.0,POSAwareAntonymReplacement,0.0,33.33,66.67,100.0,-0.3755,0.0,1.0,1.0,0.0,2.0,0.0
26.0,SemanticFusionCrossover,0.0,33.33,66.67,100.0,0.0299,0.0,1.0,1.0,0.0,2.0,0.0
26.0,SemanticSimilarityCrossover,0.0,0.0,0.0,0.0,,,0.0,0.0,0.0,0.0,2.0
26.0,StylisticMutator,0.0,100.0,0.0,100.0,-0.1904,0.1155,3.0,3.0,0.0,0.0,0.0
26.0,TypographicalErrorsOperator,0.0,33.33,66.67,100.0,-0.3889,0.0,1.0,1.0,0.0,2.0,0.0
27.0,ConceptAdditionOperator,0.0,0.0,100.0,0.0,,,0.0,0.0,0.0,3.0,0.0
27.0,InformedEvolutionOperator,0.0,0.0,100.0,0.0,,,0.0,0.0,0.0,3.0,0.0
27.0,LLMBackTranslation_HI,0.0,33.33,66.67,100.0,-0.0556,0.0,1.0,1.0,0.0,2.0,0.0
27.0,LLMBasedParaphrasing,0.0,33.33,66.67,100.0,-0.0397,0.0,1.0,1.0,0.0,2.0,0.0
27.0,LLM_POSAwareSynonymReplacement,0.0,0.0,100.0,0.0,,,0.0,0.0,0.0,3.0,0.0
27.0,MLM,0.0,33.33,66.67,100.0,-0.1979,0.0,1.0,1.0,0.0,2.0,0.0
27.0,NegationOperator,0.0,0.0,100.0,0.0,,,0.0,0.0,0.0,3.0,0.0
27.0,POSAwareAntonymReplacement,0.0,66.67,33.33,100.0,-0.0294,0.0411,2.0,2.0,0.0,1.0,0.0
27.0,SemanticFusionCrossover,0.0,66.67,33.33,100.0,-0.1263,0.1137,2.0,2.0,0.0,1.0,0.0
27.0,SemanticSimilarityCrossover,0.0,0.0,0.0,0.0,,,0.0,0.0,0.0,0.0,2.0
27.0,StylisticMutator,0.0,33.33,66.67,100.0,-0.2063,0.0,1.0,1.0,0.0,2.0,0.0
27.0,TypographicalErrorsOperator,0.0,66.67,33.33,100.0,-0.0722,0.0449,2.0,2.0,0.0,1.0,0.0
28.0,ConceptAdditionOperator,0.0,0.0,100.0,0.0,,,0.0,0.0,0.0,3.0,0.0
28.0,InformedEvolutionOperator,0.0,33.33,66.67,100.0,-0.0979,0.0,1.0,1.0,0.0,2.0,0.0
28.0,LLMBackTranslation_HI,0.0,100.0,0.0,100.0,-0.0816,0.0579,3.0,3.0,0.0,0.0,0.0
28.0,LLMBasedParaphrasing,0.0,0.0,100.0,0.0,,,0.0,0.0,0.0,3.0,0.0
28.0,LLM_POSAwareSynonymReplacement,0.0,66.67,33.33,100.0,-0.0932,0.0926,2.0,2.0,0.0,1.0,0.0
28.0,MLM,0.0,0.0,100.0,0.0,,,0.0,0.0,0.0,3.0,0.0
28.0,NegationOperator,0.0,0.0,100.0,0.0,,,0.0,0.0,0.0,3.0,0.0
28.0,POSAwareAntonymReplacement,33.33,33.33,33.33,50.0,-0.2562,0.1816,2.0,1.0,1.0,1.0,0.0
28.0,SemanticFusionCrossover,33.33,0.0,66.67,0.0,-0.1921,0.0,1.0,0.0,1.0,2.0,0.0
28.0,SemanticSimilarityCrossover,0.0,0.0,0.0,0.0,,,0.0,0.0,0.0,0.0,2.0
28.0,StylisticMutator,0.0,33.33,66.67,100.0,0.1078,0.0,1.0,1.0,0.0,2.0,0.0
28.0,TypographicalErrorsOperator,33.33,0.0,66.67,0.0,-0.1991,0.0,1.0,0.0,1.0,2.0,0.0
29.0,ConceptAdditionOperator,33.33,0.0,66.67,0.0,-0.287,0.0,1.0,0.0,1.0,2.0,0.0
29.0,InformedEvolutionOperator,33.33,33.33,33.33,50.0,-0.2114,0.1302,2.0,1.0,1.0,1.0,0.0
29.0,LLMBackTranslation_HI,0.0,33.33,66.67,100.0,-0.0819,0.0,1.0,1.0,0.0,2.0,0.0
29.0,LLMBasedParaphrasing,33.33,0.0,66.67,0.0,-0.2894,0.0,1.0,0.0,1.0,2.0,0.0
29.0,LLM_POSAwareSynonymReplacement,0.0,66.67,33.33,100.0,-0.0728,0.0006,2.0,2.0,0.0,1.0,0.0
29.0,MLM,0.0,0.0,100.0,0.0,,,0.0,0.0,0.0,3.0,0.0
29.0,NegationOperator,33.33,0.0,66.67,0.0,-0.3798,0.0,1.0,0.0,1.0,2.0,0.0
29.0,POSAwareAntonymReplacement,33.33,0.0,66.67,0.0,-0.1998,0.0,1.0,0.0,1.0,2.0,0.0
29.0,SemanticFusionCrossover,33.33,0.0,66.67,0.0,-0.1639,0.0,1.0,0.0,1.0,2.0,0.0
29.0,SemanticSimilarityCrossover,0.0,33.33,0.0,100.0,-0.0977,0.0,1.0,1.0,0.0,0.0,2.0
29.0,StylisticMutator,33.33,33.33,33.33,50.0,-0.207,0.2118,2.0,1.0,1.0,1.0,0.0
29.0,TypographicalErrorsOperator,0.0,33.33,66.67,100.0,-0.0922,0.0,1.0,1.0,0.0,2.0,0.0
30.0,ConceptAdditionOperator,0.0,33.33,66.67,100.0,-0.0674,0.0,1.0,1.0,0.0,2.0,0.0
30.0,InformedEvolutionOperator,0.0,33.33,66.67,100.0,-0.2222,0.0,1.0,1.0,0.0,2.0,0.0
30.0,LLMBackTranslation_HI,0.0,33.33,66.67,100.0,-0.0923,0.0,1.0,1.0,0.0,2.0,0.0
30.0,LLMBasedParaphrasing,0.0,0.0,100.0,0.0,,,0.0,0.0,0.0,2.0,0.0
30.0,LLM_POSAwareSynonymReplacement,0.0,33.33,66.67,100.0,0.0197,0.0,1.0,1.0,0.0,2.0,0.0
30.0,MLM,0.0,33.33,66.67,100.0,-0.1587,0.0,1.0,1.0,0.0,2.0,0.0
30.0,NegationOperator,0.0,0.0,100.0,0.0,,,0.0,0.0,0.0,2.0,0.0
30.0,POSAwareAntonymReplacement,0.0,66.67,33.33,100.0,-0.0683,0.0455,2.0,2.0,0.0,1.0,0.0
30.0,SemanticFusionCrossover,0.0,66.67,33.33,100.0,-0.172,0.0909,2.0,2.0,0.0,1.0,0.0
30.0,SemanticSimilarityCrossover,0.0,0.0,0.0,0.0,,,0.0,0.0,0.0,0.0,2.0
30.0,StylisticMutator,0.0,33.33,66.67,100.0,-0.3896,0.0,1.0,1.0,0.0,2.0,0.0
30.0,TypographicalErrorsOperator,0.0,66.67,33.33,100.0,-0.141,0.0526,2.0,2.0,0.0,1.0,0.0
31.0,ConceptAdditionOperator,0.0,0.0,100.0,0.0,,,0.0,0.0,0.0,3.0,0.0
31.0,InformedEvolutionOperator,0.0,33.33,66.67,100.0,-0.0366,0.0,1.0,1.0,0.0,2.0,0.0
31.0,LLMBackTranslation_HI,0.0,0.0,100.0,0.0,,,0.0,0.0,0.0,3.0,0.0
31.0,LLMBasedParaphrasing,0.0,0.0,100.0,0.0,,,0.0,0.0,0.0,3.0,0.0
31.0,LLM_POSAwareSynonymReplacement,0.0,66.67,33.33,100.0,-0.2138,0.1262,2.0,2.0,0.0,1.0,0.0
31.0,MLM,0.0,0.0,100.0,0.0,,,0.0,0.0,0.0,3.0,0.0
31.0,NegationOperator,0.0,33.33,66.67,100.0,-0.0168,0.0,1.0,1.0,0.0,2.0,0.0
31.0,POSAwareAntonymReplacement,0.0,33.33,66.67,100.0,0.3813,0.0,1.0,1.0,0.0,2.0,0.0
31.0,SemanticFusionCrossover,0.0,33.33,33.33,100.0,-0.1565,0.0,1.0,1.0,0.0,1.0,1.0
31.0,SemanticSimilarityCrossover,0.0,0.0,0.0,0.0,,,0.0,0.0,0.0,0.0,2.0
31.0,StylisticMutator,0.0,33.33,66.67,100.0,0.1103,0.0,1.0,1.0,0.0,2.0,0.0
31.0,TypographicalErrorsOperator,0.0,0.0,100.0,0.0,,,0.0,0.0,0.0,3.0,0.0
32.0,ConceptAdditionOperator,0.0,50.0,50.0,100.0,-0.0207,0.0,1.0,1.0,0.0,1.0,0.0
32.0,InformedEvolutionOperator,0.0,50.0,50.0,100.0,-0.3097,0.0,1.0,1.0,0.0,1.0,0.0
32.0,LLMBackTranslation_HI,0.0,50.0,50.0,100.0,-0.0369,0.0,1.0,1.0,0.0,1.0,0.0
32.0,LLMBasedParaphrasing,0.0,50.0,50.0,100.0,0.0208,0.0,1.0,1.0,0.0,1.0,0.0
32.0,LLM_POSAwareSynonymReplacement,0.0,0.0,100.0,0.0,,,0.0,0.0,0.0,2.0,0.0
32.0,MLM,0.0,50.0,50.0,100.0,0.0149,0.0,1.0,1.0,0.0,1.0,0.0
32.0,NegationOperator,0.0,0.0,100.0,0.0,,,0.0,0.0,0.0,2.0,0.0
32.0,POSAwareAntonymReplacement,0.0,100.0,0.0,100.0,-0.0085,0.0165,2.0,2.0,0.0,0.0,0.0
32.0,SemanticFusionCrossover,0.0,100.0,0.0,100.0,0.0072,0.0,1.0,1.0,0.0,0.0,0.0
32.0,SemanticSimilarityCrossover,0.0,100.0,0.0,100.0,0.1603,0.0,1.0,1.0,0.0,0.0,0.0
32.0,StylisticMutator,0.0,0.0,100.0,0.0,,,0.0,0.0,0.0,2.0,0.0
32.0,TypographicalErrorsOperator,0.0,50.0,50.0,100.0,-0.0134,0.0,1.0,1.0,0.0,1.0,0.0
33.0,ConceptAdditionOperator,0.0,0.0,100.0,0.0,,,0.0,0.0,0.0,2.0,0.0
33.0,InformedEvolutionOperator,0.0,0.0,100.0,0.0,,,0.0,0.0,0.0,2.0,0.0
33.0,LLMBackTranslation_HI,0.0,0.0,100.0,0.0,,,0.0,0.0,0.0,2.0,0.0
33.0,LLMBasedParaphrasing,0.0,50.0,50.0,100.0,0.0479,0.0,1.0,1.0,0.0,1.0,0.0
33.0,LLM_POSAwareSynonymReplacement,0.0,50.0,50.0,100.0,-0.0264,0.0,1.0,1.0,0.0,1.0,0.0
33.0,MLM,0.0,50.0,50.0,100.0,-0.0482,0.0,1.0,1.0,0.0,1.0,0.0
33.0,NegationOperator,0.0,0.0,100.0,0.0,,,0.0,0.0,0.0,2.0,0.0
33.0,POSAwareAntonymReplacement,0.0,100.0,0.0,100.0,-0.0128,0.0279,2.0,2.0,0.0,0.0,0.0
33.0,SemanticFusionCrossover,0.0,0.0,100.0,0.0,,,0.0,0.0,0.0,1.0,0.0
33.0,SemanticSimilarityCrossover,0.0,0.0,0.0,0.0,,,0.0,0.0,0.0,0.0,1.0
33.0,StylisticMutator,0.0,50.0,50.0,100.0,0.0022,0.0,1.0,1.0,0.0,1.0,0.0
33.0,TypographicalErrorsOperator,0.0,50.0,50.0,100.0,0.0075,0.0,1.0,1.0,0.0,1.0,0.0
34.0,ConceptAdditionOperator,0.0,100.0,0.0,100.0,-0.0461,0.0566,2.0,2.0,0.0,0.0,0.0
34.0,InformedEvolutionOperator,0.0,0.0,100.0,0.0,,,0.0,0.0,0.0,2.0,0.0
34.0,LLMBackTranslation_HI,0.0,50.0,50.0,100.0,0.0073,0.0,1.0,1.0,0.0,1.0,0.0
34.0,LLMBasedParaphrasing,0.0,100.0,0.0,100.0,-0.0332,0.0646,2.0,2.0,0.0,0.0,0.0
34.0,LLM_POSAwareSynonymReplacement,0.0,0.0,100.0,0.0,,,0.0,0.0,0.0,2.0,0.0
34.0,MLM,0.0,0.0,100.0,0.0,,,0.0,0.0,0.0,2.0,0.0
34.0,NegationOperator,0.0,0.0,100.0,0.0,,,0.0,0.0,0.0,2.0,0.0
34.0,POSAwareAntonymReplacement,0.0,50.0,50.0,100.0,-0.0059,0.0,1.0,1.0,0.0,1.0,0.0
34.0,SemanticFusionCrossover,0.0,100.0,0.0,100.0,-0.0151,0.0,1.0,1.0,0.0,0.0,0.0
34.0,SemanticSimilarityCrossover,0.0,0.0,0.0,0.0,,,0.0,0.0,0.0,0.0,1.0
34.0,StylisticMutator,0.0,50.0,50.0,100.0,-0.0652,0.0,1.0,1.0,0.0,1.0,0.0
34.0,TypographicalErrorsOperator,0.0,100.0,0.0,100.0,-0.046,0.0666,2.0,2.0,0.0,0.0,0.0
35.0,ConceptAdditionOperator,0.0,0.0,100.0,0.0,,,0.0,0.0,0.0,2.0,0.0
35.0,InformedEvolutionOperator,0.0,0.0,100.0,0.0,,,0.0,0.0,0.0,2.0,0.0
35.0,LLMBackTranslation_HI,0.0,0.0,100.0,0.0,,,0.0,0.0,0.0,2.0,0.0
35.0,LLMBasedParaphrasing,0.0,50.0,50.0,100.0,-0.0215,0.0,1.0,1.0,0.0,1.0,0.0
35.0,LLM_POSAwareSynonymReplacement,0.0,100.0,0.0,100.0,-0.0196,0.0025,2.0,2.0,0.0,0.0,0.0
35.0,MLM,0.0,50.0,50.0,100.0,-0.0225,0.0,1.0,1.0,0.0,1.0,0.0
35.0,NegationOperator,0.0,0.0,100.0,0.0,,,0.0,0.0,0.0,2.0,0.0
35.0,POSAwareAntonymReplacement,0.0,100.0,0.0,100.0,-0.0042,0.0211,2.0,2.0,0.0,0.0,0.0
35.0,SemanticFusionCrossover,0.0,0.0,100.0,0.0,,,0.0,0.0,0.0,1.0,0.0
35.0,SemanticSimilarityCrossover,0.0,0.0,0.0,0.0,,,0.0,0.0,0.0,0.0,1.0
35.0,StylisticMutator,0.0,50.0,50.0,100.0,-0.0216,0.0,1.0,1.0,0.0,1.0,0.0
35.0,TypographicalErrorsOperator,0.0,0.0,100.0,0.0,,,0.0,0.0,0.0,2.0,0.0
36.0,ConceptAdditionOperator,0.0,66.67,33.33,100.0,0.0032,0.0097,2.0,2.0,0.0,1.0,0.0
36.0,InformedEvolutionOperator,0.0,0.0,100.0,0.0,,,0.0,0.0,0.0,3.0,0.0
36.0,LLMBackTranslation_HI,0.0,0.0,100.0,0.0,,,0.0,0.0,0.0,3.0,0.0
36.0,LLMBasedParaphrasing,0.0,66.67,33.33,100.0,0.0129,0.0157,2.0,2.0,0.0,1.0,0.0
36.0,LLM_POSAwareSynonymReplacement,0.0,0.0,100.0,0.0,,,0.0,0.0,0.0,3.0,0.0
36.0,MLM,0.0,0.0,100.0,0.0,,,0.0,0.0,0.0,3.0,0.0
36.0,NegationOperator,0.0,66.67,33.33,100.0,0.0084,0.0049,2.0,2.0,0.0,1.0,0.0
36.0,POSAwareAntonymReplacement,0.0,100.0,0.0,100.0,0.017,0.0281,3.0,3.0,0.0,0.0,0.0
36.0,SemanticFusionCrossover,0.0,66.67,33.33,100.0,0.0468,0.0707,2.0,2.0,0.0,1.0,0.0
36.0,SemanticSimilarityCrossover,0.0,0.0,0.0,0.0,,,0.0,0.0,0.0,0.0,2.0
36.0,StylisticMutator,0.0,100.0,0.0,100.0,0.0136,0.0025,3.0,3.0,0.0,0.0,0.0
36.0,TypographicalErrorsOperator,0.0,66.67,33.33,100.0,-0.0028,0.0014,2.0,2.0,0.0,1.0,0.0
37.0,ConceptAdditionOperator,0.0,0.0,100.0,0.0,,,0.0,0.0,0.0,2.0,0.0
37.0,InformedEvolutionOperator,0.0,33.33,66.67,100.0,-0.3401,0.0,1.0,1.0,0.0,2.0,0.0
37.0,LLMBackTranslation_HI,0.0,33.33,66.67,100.0,-0.002,0.0,1.0,1.0,0.0,2.0,0.0
37.0,LLMBasedParaphrasing,0.0,0.0,100.0,0.0,,,0.0,0.0,0.0,3.0,0.0
37.0,LLM_POSAwareSynonymReplacement,0.0,100.0,0.0,100.0,-0.039,0.0819,3.0,3.0,0.0,0.0,0.0
37.0,MLM,0.0,0.0,100.0,0.0,,,0.0,0.0,0.0,3.0,0.0
37.0,NegationOperator,0.0,0.0,66.67,0.0,,,0.0,0.0,0.0,2.0,1.0
37.0,POSAwareAntonymReplacement,0.0,33.33,66.67,100.0,-0.0858,0.0,1.0,1.0,0.0,2.0,0.0
37.0,SemanticFusionCrossover,0.0,66.67,33.33,100.0,-0.0923,0.0594,2.0,2.0,0.0,1.0,0.0
37.0,SemanticSimilarityCrossover,0.0,100.0,0.0,100.0,0.0549,0.122,3.0,3.0,0.0,0.0,0.0
37.0,StylisticMutator,0.0,0.0,100.0,0.0,,,0.0,0.0,0.0,3.0,0.0
37.0,TypographicalErrorsOperator,0.0,0.0,100.0,0.0,,,0.0,0.0,0.0,3.0,0.0
38.0,ConceptAdditionOperator,0.0,33.33,66.67,100.0,-0.0441,0.0,1.0,1.0,0.0,2.0,0.0
38.0,InformedEvolutionOperator,0.0,0.0,66.67,0.0,,,0.0,0.0,0.0,2.0,1.0
38.0,LLMBackTranslation_HI,0.0,66.67,33.33,100.0,0.01,0.018,2.0,2.0,0.0,1.0,0.0
38.0,LLMBasedParaphrasing,0.0,33.33,66.67,100.0,0.0012,0.0,1.0,1.0,0.0,2.0,0.0
38.0,LLM_POSAwareSynonymReplacement,0.0,0.0,100.0,0.0,,,0.0,0.0,0.0,3.0,0.0
38.0,MLM,0.0,33.33,66.67,100.0,-0.02,0.0,1.0,1.0,0.0,2.0,0.0
38.0,NegationOperator,0.0,0.0,100.0,0.0,,,0.0,0.0,0.0,3.0,0.0
38.0,POSAwareAntonymReplacement,0.0,66.67,33.33,100.0,0.0145,0.035,2.0,2.0,0.0,1.0,0.0
38.0,SemanticFusionCrossover,0.0,100.0,0.0,100.0,0.0192,0.1008,3.0,3.0,0.0,0.0,0.0
38.0,SemanticSimilarityCrossover,0.0,0.0,0.0,0.0,,,0.0,0.0,0.0,0.0,2.0
38.0,StylisticMutator,0.0,100.0,0.0,100.0,0.0187,0.0832,3.0,3.0,0.0,0.0,0.0
38.0,TypographicalErrorsOperator,0.0,66.67,33.33,100.0,0.0027,0.0161,2.0,2.0,0.0,1.0,0.0
39.0,ConceptAdditionOperator,0.0,33.33,66.67,100.0,0.0427,0.0,1.0,1.0,0.0,2.0,0.0
39.0,InformedEvolutionOperator,0.0,0.0,66.67,0.0,,,0.0,0.0,0.0,2.0,1.0
39.0,LLMBackTranslation_HI,0.0,33.33,66.67,100.0,0.0033,0.0,1.0,1.0,0.0,2.0,0.0
39.0,LLMBasedParaphrasing,0.0,33.33,66.67,100.0,-0.0546,0.0,1.0,1.0,0.0,2.0,0.0
39.0,LLM_POSAwareSynonymReplacement,0.0,0.0,100.0,0.0,,,0.0,0.0,0.0,3.0,0.0
39.0,MLM,0.0,33.33,66.67,100.0,-0.0009,0.0,1.0,1.0,0.0,2.0,0.0
39.0,NegationOperator,0.0,33.33,66.67,100.0,-0.0567,0.0,1.0,1.0,0.0,2.0,0.0
39.0,POSAwareAntonymReplacement,0.0,100.0,0.0,100.0,0.0148,0.0784,3.0,3.0,0.0,0.0,0.0
39.0,SemanticFusionCrossover,0.0,33.33,66.67,100.0,0.0923,0.0,1.0,1.0,0.0,2.0,0.0
39.0,SemanticSimilarityCrossover,0.0,0.0,0.0,0.0,,,0.0,0.0,0.0,0.0,2.0
39.0,StylisticMutator,0.0,66.67,33.33,100.0,-0.0252,0.0277,2.0,2.0,0.0,1.0,0.0
39.0,TypographicalErrorsOperator,0.0,66.67,33.33,100.0,-0.0278,0.038,2.0,2.0,0.0,1.0,0.0
40.0,ConceptAdditionOperator,0.0,33.33,66.67,100.0,0.0001,0.0,1.0,1.0,0.0,2.0,0.0
40.0,InformedEvolutionOperator,0.0,66.67,0.0,100.0,-0.225,0.1522,2.0,2.0,0.0,0.0,1.0
40.0,LLMBackTranslation_HI,0.0,33.33,66.67,100.0,0.0832,0.0,1.0,1.0,0.0,2.0,0.0
40.0,LLMBasedParaphrasing,0.0,33.33,66.67,100.0,0.0206,0.0,1.0,1.0,0.0,2.0,0.0
40.0,LLM_POSAwareSynonymReplacement,0.0,33.33,66.67,100.0,0.0084,0.0,1.0,1.0,0.0,2.0,0.0
40.0,MLM,0.0,0.0,100.0,0.0,,,0.0,0.0,0.0,3.0,0.0
40.0,NegationOperator,0.0,66.67,33.33,100.0,-0.0081,0.0059,2.0,2.0,0.0,1.0,0.0
40.0,POSAwareAntonymReplacement,0.0,66.67,33.33,100.0,0.0184,0.0008,2.0,2.0,0.0,1.0,0.0
40.0,SemanticFusionCrossover,0.0,66.67,33.33,100.0,-0.0138,0.0045,2.0,2.0,0.0,1.0,0.0
40.0,SemanticSimilarityCrossover,0.0,0.0,0.0,0.0,,,0.0,0.0,0.0,0.0,2.0
40.0,StylisticMutator,0.0,33.33,66.67,100.0,-0.0054,0.0,1.0,1.0,0.0,2.0,0.0
40.0,TypographicalErrorsOperator,0.0,66.67,33.33,100.0,-0.016,0.0157,2.0,2.0,0.0,1.0,0.0
41.0,ConceptAdditionOperator,0.0,0.0,100.0,0.0,,,0.0,0.0,0.0,3.0,0.0
41.0,InformedEvolutionOperator,0.0,0.0,100.0,0.0,,,0.0,0.0,0.0,3.0,0.0
41.0,LLMBackTranslation_HI,0.0,33.33,66.67,100.0,-0.0566,0.0,1.0,1.0,0.0,2.0,0.0
41.0,LLMBasedParaphrasing,0.0,33.33,66.67,100.0,-0.0542,0.0,1.0,1.0,0.0,2.0,0.0
41.0,LLM_POSAwareSynonymReplacement,0.0,33.33,66.67,100.0,0.0182,0.0,1.0,1.0,0.0,2.0,0.0
41.0,MLM,0.0,33.33,66.67,100.0,0.043,0.0,1.0,1.0,0.0,2.0,0.0
41.0,NegationOperator,0.0,100.0,0.0,100.0,-0.045,0.0,1.0,1.0,0.0,0.0,0.0
41.0,POSAwareAntonymReplacement,0.0,66.67,33.33,100.0,0.0251,0.0354,2.0,2.0,0.0,1.0,0.0
41.0,SemanticFusionCrossover,0.0,66.67,0.0,100.0,-0.043,0.0073,2.0,2.0,0.0,0.0,1.0
41.0,SemanticSimilarityCrossover,0.0,100.0,0.0,100.0,0.0522,0.0425,3.0,3.0,0.0,0.0,0.0
41.0,StylisticMutator,0.0,100.0,0.0,100.0,-0.0558,0.0,1.0,1.0,0.0,0.0,0.0
41.0,TypographicalErrorsOperator,0.0,66.67,33.33,100.0,-0.0131,0.0264,2.0,2.0,0.0,1.0,0.0
42.0,ConceptAdditionOperator,0.0,33.33,66.67,100.0,0.0131,0.0,1.0,1.0,0.0,2.0,0.0
42.0,InformedEvolutionOperator,0.0,0.0,33.33,0.0,,,0.0,0.0,0.0,1.0,2.0
42.0,LLMBackTranslation_HI,0.0,66.67,33.33,100.0,0.0534,0.0721,2.0,2.0,0.0,1.0,0.0
42.0,LLMBasedParaphrasing,0.0,33.33,66.67,100.0,-0.0025,0.0,1.0,1.0,0.0,2.0,0.0
42.0,LLM_POSAwareSynonymReplacement,0.0,33.33,66.67,100.0,0.049,0.0,1.0,1.0,0.0,2.0,0.0
42.0,MLM,0.0,33.33,66.67,100.0,0.0116,0.0,1.0,1.0,0.0,2.0,0.0
42.0,NegationOperator,0.0,0.0,100.0,0.0,,,0.0,0.0,0.0,3.0,0.0
42.0,POSAwareAntonymReplacement,0.0,66.67,33.33,100.0,0.0057,0.0093,2.0,2.0,0.0,1.0,0.0
42.0,SemanticFusionCrossover,0.0,0.0,100.0,0.0,,,0.0,0.0,0.0,3.0,0.0
42.0,SemanticSimilarityCrossover,0.0,0.0,0.0,0.0,,,0.0,0.0,0.0,0.0,2.0
42.0,StylisticMutator,0.0,33.33,66.67,100.0,0.0011,0.0,1.0,1.0,0.0,2.0,0.0
42.0,TypographicalErrorsOperator,0.0,33.33,66.67,100.0,0.0035,0.0,1.0,1.0,0.0,2.0,0.0
43.0,ConceptAdditionOperator,0.0,33.33,66.67,100.0,-0.0947,0.0,1.0,1.0,0.0,2.0,0.0
43.0,InformedEvolutionOperator,0.0,0.0,100.0,0.0,,,0.0,0.0,0.0,3.0,0.0
43.0,LLMBackTranslation_HI,0.0,33.33,66.67,100.0,-0.0254,0.0,1.0,1.0,0.0,2.0,0.0
43.0,LLMBasedParaphrasing,0.0,66.67,33.33,100.0,-0.1268,0.1454,2.0,2.0,0.0,1.0,0.0
43.0,LLM_POSAwareSynonymReplacement,0.0,33.33,66.67,100.0,-0.0207,0.0,1.0,1.0,0.0,2.0,0.0
43.0,MLM,0.0,33.33,66.67,100.0,-0.096,0.0,1.0,1.0,0.0,2.0,0.0
43.0,NegationOperator,0.0,66.67,33.33,100.0,-0.1178,0.1391,2.0,2.0,0.0,1.0,0.0
43.0,POSAwareAntonymReplacement,0.0,33.33,33.33,100.0,-0.0855,0.0,1.0,1.0,0.0,1.0,1.0
43.0,SemanticFusionCrossover,0.0,33.33,66.67,100.0,-0.1065,0.0,1.0,1.0,0.0,2.0,0.0
43.0,SemanticSimilarityCrossover,0.0,0.0,0.0,0.0,,,0.0,0.0,0.0,0.0,2.0
43.0,StylisticMutator,0.0,33.33,66.67,100.0,-0.0389,0.0,1.0,1.0,0.0,2.0,0.0
43.0,TypographicalErrorsOperator,0.0,66.67,33.33,100.0,-0.1359,0.0959,2.0,2.0,0.0,1.0,0.0
44.0,ConceptAdditionOperator,0.0,0.0,100.0,0.0,,,0.0,0.0,0.0,3.0,0.0
44.0,InformedEvolutionOperator,33.33,0.0,66.67,0.0,-0.2709,0.0,1.0,0.0,1.0,2.0,0.0
44.0,LLMBackTranslation_HI,0.0,33.33,66.67,100.0,-0.0526,0.0,1.0,1.0,0.0,2.0,0.0
44.0,LLMBasedParaphrasing,0.0,33.33,66.67,100.0,-0.4629,0.0,1.0,1.0,0.0,2.0,0.0
44.0,LLM_POSAwareSynonymReplacement,0.0,66.67,33.33,100.0,-0.1956,0.2162,2.0,2.0,0.0,1.0,0.0
44.0,MLM,0.0,66.67,33.33,100.0,-0.222,0.2536,2.0,2.0,0.0,1.0,0.0
44.0,NegationOperator,0.0,0.0,100.0,0.0,,,0.0,0.0,0.0,3.0,0.0
44.0,POSAwareAntonymReplacement,0.0,33.33,66.67,100.0,-0.006,0.0,1.0,1.0,0.0,2.0,0.0
44.0,SemanticFusionCrossover,0.0,0.0,100.0,0.0,,,0.0,0.0,0.0,3.0,0.0
44.0,SemanticSimilarityCrossover,0.0,0.0,0.0,0.0,,,0.0,0.0,0.0,0.0,2.0
44.0,StylisticMutator,0.0,0.0,100.0,0.0,,,0.0,0.0,0.0,3.0,0.0
44.0,TypographicalErrorsOperator,33.33,33.33,33.33,50.0,-0.2279,0.3917,2.0,1.0,1.0,1.0,0.0
45.0,ConceptAdditionOperator,0.0,0.0,66.67,0.0,,,0.0,0.0,0.0,2.0,1.0
45.0,InformedEvolutionOperator,0.0,0.0,66.67,0.0,,,0.0,0.0,0.0,2.0,1.0
45.0,LLMBackTranslation_HI,0.0,0.0,100.0,0.0,,,0.0,0.0,0.0,3.0,0.0
45.0,LLMBasedParaphrasing,0.0,33.33,66.67,100.0,-0.0856,0.0,1.0,1.0,0.0,2.0,0.0
45.0,LLM_POSAwareSynonymReplacement,0.0,66.67,33.33,100.0,-0.2163,0.2887,2.0,2.0,0.0,1.0,0.0
45.0,MLM,0.0,66.67,33.33,100.0,-0.0821,0.0933,2.0,2.0,0.0,1.0,0.0
45.0,NegationOperator,0.0,33.33,66.67,100.0,-0.0043,0.0,1.0,1.0,0.0,2.0,0.0
45.0,POSAwareAntonymReplacement,0.0,66.67,33.33,100.0,0.0205,0.0467,2.0,2.0,0.0,1.0,0.0
45.0,SemanticFusionCrossover,0.0,33.33,66.67,100.0,-0.1365,0.0,1.0,1.0,0.0,2.0,0.0
45.0,SemanticSimilarityCrossover,0.0,0.0,0.0,0.0,,,0.0,0.0,0.0,0.0,2.0
45.0,StylisticMutator,0.0,33.33,66.67,100.0,0.0072,0.0,1.0,1.0,0.0,2.0,0.0
45.0,TypographicalErrorsOperator,0.0,33.33,66.67,100.0,-0.0059,0.0,1.0,1.0,0.0,2.0,0.0
46.0,ConceptAdditionOperator,0.0,0.0,100.0,0.0,,,0.0,0.0,0.0,2.0,0.0
46.0,InformedEvolutionOperator,0.0,33.33,66.67,100.0,-0.1565,0.0,1.0,1.0,0.0,2.0,0.0
46.0,LLMBackTranslation_HI,0.0,66.67,33.33,100.0,-0.3045,0.2758,2.0,2.0,0.0,1.0,0.0
46.0,LLMBasedParaphrasing,0.0,33.33,33.33,100.0,0.0656,0.0,1.0,1.0,0.0,1.0,1.0
46.0,LLM_POSAwareSynonymReplacement,0.0,100.0,0.0,100.0,-0.1669,0.2479,3.0,3.0,0.0,0.0,0.0
46.0,MLM,0.0,33.33,66.67,100.0,0.0262,0.0,1.0,1.0,0.0,2.0,0.0
46.0,NegationOperator,0.0,66.67,33.33,100.0,-0.039,0.1479,2.0,2.0,0.0,1.0,0.0
46.0,POSAwareAntonymReplacement,0.0,33.33,66.67,100.0,-0.0275,0.0,1.0,1.0,0.0,2.0,0.0
46.0,SemanticFusionCrossover,0.0,33.33,33.33,100.0,-0.2424,0.0,1.0,1.0,0.0,1.0,1.0
46.0,SemanticSimilarityCrossover,0.0,33.33,0.0,100.0,-0.2393,0.0,1.0,1.0,0.0,0.0,2.0
46.0,StylisticMutator,0.0,33.33,66.67,100.0,0.0381,0.0,1.0,1.0,0.0,2.0,0.0
46.0,TypographicalErrorsOperator,0.0,0.0,100.0,0.0,,,0.0,0.0,0.0,3.0,0.0
47.0,ConceptAdditionOperator,0.0,33.33,66.67,100.0,-0.0381,0.0,1.0,1.0,0.0,2.0,0.0
47.0,InformedEvolutionOperator,0.0,0.0,100.0,0.0,,,0.0,0.0,0.0,3.0,0.0
47.0,LLMBackTranslation_HI,0.0,33.33,66.67,100.0,-0.0642,0.0,1.0,1.0,0.0,2.0,0.0
47.0,LLMBasedParaphrasing,0.0,33.33,66.67,100.0,-0.0148,0.0,1.0,1.0,0.0,2.0,0.0
47.0,LLM_POSAwareSynonymReplacement,0.0,0.0,66.67,0.0,,,0.0,0.0,0.0,2.0,1.0
47.0,MLM,0.0,66.67,33.33,100.0,-0.2252,0.2669,2.0,2.0,0.0,1.0,0.0
47.0,NegationOperator,0.0,33.33,66.67,100.0,-0.0118,0.0,1.0,1.0,0.0,2.0,0.0
47.0,POSAwareAntonymReplacement,0.0,33.33,66.67,100.0,-0.0601,0.0,1.0,1.0,0.0,2.0,0.0
47.0,SemanticFusionCrossover,0.0,66.67,0.0,100.0,-0.1221,0.2257,2.0,2.0,0.0,0.0,1.0
47.0,SemanticSimilarityCrossover,0.0,0.0,0.0,0.0,,,0.0,0.0,0.0,0.0,2.0
47.0,StylisticMutator,0.0,66.67,33.33,100.0,-0.0123,0.0156,2.0,2.0,0.0,1.0,0.0
47.0,TypographicalErrorsOperator,0.0,66.67,0.0,100.0,-0.0327,0.0083,2.0,2.0,0.0,0.0,1.0
48.0,ConceptAdditionOperator,0.0,0.0,100.0,0.0,,,0.0,0.0,0.0,3.0,0.0
48.0,InformedEvolutionOperator,0.0,0.0,100.0,0.0,,,0.0,0.0,0.0,3.0,0.0
48.0,LLMBackTranslation_HI,0.0,33.33,66.67,100.0,-0.1377,0.0,1.0,1.0,0.0,2.0,0.0
48.0,LLMBasedParaphrasing,0.0,33.33,33.33,100.0,-0.1408,0.0,1.0,1.0,0.0,1.0,1.0
48.0,LLM_POSAwareSynonymReplacement,0.0,0.0,100.0,0.0,,,0.0,0.0,0.0,3.0,0.0
48.0,MLM,0.0,33.33,66.67,100.0,-0.1142,0.0,1.0,1.0,0.0,2.0,0.0
48.0,NegationOperator,0.0,33.33,66.67,100.0,-0.0098,0.0,1.0,1.0,0.0,2.0,0.0
48.0,POSAwareAntonymReplacement,0.0,33.33,66.67,100.0,-0.0981,0.0,1.0,1.0,0.0,2.0,0.0
48.0,SemanticFusionCrossover,0.0,33.33,33.33,100.0,-0.0704,0.0,1.0,1.0,0.0,1.0,1.0
48.0,SemanticSimilarityCrossover,0.0,0.0,0.0,0.0,,,0.0,0.0,0.0,0.0,2.0
48.0,StylisticMutator,0.0,66.67,33.33,100.0,-0.0754,0.0814,2.0,2.0,0.0,1.0,0.0
48.0,TypographicalErrorsOperator,0.0,100.0,0.0,100.0,-0.1982,0.2256,3.0,3.0,0.0,0.0,0.0
49.0,ConceptAdditionOperator,0.0,0.0,100.0,0.0,,,0.0,0.0,0.0,3.0,0.0
49.0,InformedEvolutionOperator,0.0,33.33,33.33,100.0,-0.3367,0.0,1.0,1.0,0.0,1.0,1.0
49.0,LLMBackTranslation_HI,0.0,0.0,100.0,0.0,,,0.0,0.0,0.0,3.0,0.0
49.0,LLMBasedParaphrasing,0.0,0.0,100.0,0.0,,,0.0,0.0,0.0,3.0,0.0
49.0,LLM_POSAwareSynonymReplacement,0.0,33.33,66.67,100.0,-0.4004,0.0,1.0,1.0,0.0,2.0,0.0
49.0,MLM,0.0,66.67,33.33,100.0,-0.2001,0.2942,2.0,2.0,0.0,1.0,0.0
49.0,NegationOperator,33.33,33.33,33.33,50.0,-0.0318,0.0482,2.0,1.0,1.0,1.0,0.0
49.0,POSAwareAntonymReplacement,0.0,66.67,33.33,100.0,-0.2315,0.2708,2.0,2.0,0.0,1.0,0.0
49.0,SemanticFusionCrossover,0.0,0.0,66.67,0.0,,,0.0,0.0,0.0,2.0,1.0
49.0,SemanticSimilarityCrossover,0.0,0.0,0.0,0.0,,,0.0,0.0,0.0,0.0,2.0
49.0,StylisticMutator,0.0,0.0,100.0,0.0,,,0.0,0.0,0.0,3.0,0.0
49.0,TypographicalErrorsOperator,0.0,33.33,66.67,100.0,-0.0623,0.0,1.0,1.0,0.0,2.0,0.0
50.0,ConceptAdditionOperator,0.0,0.0,100.0,0.0,,,0.0,0.0,0.0,3.0,0.0
50.0,InformedEvolutionOperator,0.0,0.0,100.0,0.0,,,0.0,0.0,0.0,2.0,0.0
50.0,LLMBackTranslation_HI,33.33,0.0,66.67,0.0,-0.1554,0.0,1.0,0.0,1.0,2.0,0.0
50.0,LLMBasedParaphrasing,50.0,0.0,50.0,0.0,-0.0763,0.0,1.0,0.0,1.0,1.0,0.0
50.0,LLM_POSAwareSynonymReplacement,66.67,33.33,0.0,33.33,-0.0431,0.0617,3.0,1.0,2.0,0.0,0.0
50.0,MLM,0.0,0.0,100.0,0.0,,,0.0,0.0,0.0,3.0,0.0
50.0,NegationOperator,0.0,0.0,100.0,0.0,,,0.0,0.0,0.0,2.0,0.0
50.0,POSAwareAntonymReplacement,33.33,0.0,66.67,0.0,-0.0379,0.0,1.0,0.0,1.0,2.0,0.0
50.0,SemanticFusionCrossover,100.0,0.0,0.0,0.0,-0.077,0.0225,3.0,0.0,3.0,0.0,0.0
50.0,SemanticSimilarityCrossover,0.0,100.0,0.0,100.0,0.0768,0.0345,3.0,3.0,0.0,0.0,0.0
50.0,StylisticMutator,0.0,50.0,50.0,100.0,-0.1531,0.0,1.0,1.0,0.0,1.0,0.0
50.0,TypographicalErrorsOperator,100.0,0.0,0.0,0.0,-0.0608,0.0151,2.0,0.0,2.0,0.0,0.0
